Date,Customer Name,Order #,Revenue,Sales Rep Name,Commission Rate,Total Commission
1/1/2019,Alpha Software,i-100001,202.33,Jimena Carrillo,10.0,20.233000000000004
2/1/2019,Soul Solutions,i-100002,592.22,Emma Ford,10.0,59.22200000000001
3/1/2019,Ironavigation,i-100003,59.44,Lily Grant,4.0,2.3776
4/1/2019,Ironavigation,i-100004,283.33,Jamie Webb,10.0,28.333
5/1/2019,Soul Solutions,i-100005,19.0,Jamie Webb,0.0,0.0
6/1/2019,Alpire,i-100006,43.03,Emma Ford,0.0,0.0
7/1/2019,Oystertainment,i-100007,23.34,Jimena Carrillo,0.0,0.0
8/1/2019,Titanium Systems,i-100008,230.3,Lily Grant,10.0,23.03
9/1/2019,Surprise Media,i-100009,430.33,Lily Grant,10.0,43.033
10/1/2019,Apexshow,i-100010,492.32,Emma Ford,10.0,49.232
10/1/2019,Ironavigation,i-100011,23.34,Jimena Carrillo,0.0,0.0
11/1/2019,Oystertainment,i-100012,230.23,Lily Grant,10.0,23.023
12/1/2019,Rush Inc.,i-100013,85.44,Jimena Carrillo,6.0,5.126399999999999
13/1/2019,Titanium Systems,i-100014,79.92,Emma Ford,6.0,4.7952
14/1/2019,Apexshow,i-100015,82.99,Jimena Carrillo,6.0,4.979399999999999
15/1/2019,Ironavigation,i-100016,72.02,Lily Grant,4.0,2.8808
16/1/2019,Oystertainment,i-100017,84.95,Emma Ford,6.0,5.097
16/1/2019,Rush Inc.,i-100018,19.0,Lily Grant,0.0,0.0
17/1/2019,Apexshow,i-100019,82.99,Jimena Carrillo,6.0,4.979399999999999
17/1/2019,Ironavigation,i-100020,59.44,Emma Ford,4.0,2.3776
17/1/2019,Soul Solutions,i-100021,43.03,Jimena Carrillo,1.0,0.4303
18/1/2019,Ironavigation,i-100022,23.34,Lily Grant,0.0,0.0
19/1/2019,Alpire,i-100023,230.3,Jimena Carrillo,10.0,23.03
20/1/2019,Apexshow,i-100024,430.33,Emma Ford,7.0,30.1231
21/1/2019,Ironavigation,i-100025,72.02,Lily Grant,4.0,2.8808
22/1/2019,Oystertainment,i-100026,283.33,Jimena Carrillo,10.0,28.333
31/1/2019,Apexshow,i-100027,82.99,Jimena Carrillo,6.0,4.979399999999999
1/2/2019,Ironavigation,i-100028,202.33,Jimena Carrillo,10.0,20.233000000000004
2/2/2019,Soul Solutions,i-100029,592.22,Emma Ford,14.0,82.91080000000001
3/2/2019,Alpha Software,i-100030,59.44,Lily Grant,4.0,2.3776
4/2/2019,Oystertainment,i-100031,283.33,Jamie Webb,10.0,28.333
5/2/2019,Rush Inc.,i-100032,19.0,Jamie Webb,0.0,0.0
6/2/2019,Soul Solutions,i-100033,43.03,Emma Ford,1.0,0.4303
7/2/2019,Ironavigation,i-100034,23.34,Jimena Carrillo,0.0,0.0
8/2/2019,Alpire,i-100035,230.3,Lily Grant,10.0,23.03
9/2/2019,Apexshow,i-100036,430.33,Lily Grant,7.0,30.1231
10/2/2019,Surprise Media,i-100037,492.32,Emma Ford,14.0,68.9248
20/2/2019,Apexshow,i-100038,230.23,Lily Grant,4.0,9.2092
22/2/2019,Oystertainment,i-100039,85.44,Jimena Carrillo,22.0,18.7968
23/2/2019,Titanium Systems,i-100040,79.92,Emma Ford,3.0,2.3976
24/2/2019,Oystertainment,i-100041,82.99,Jimena Carrillo,6.0,4.979399999999999
25/2/2019,Ironavigation,i-100042,72.02,Lily Grant,4.0,2.8808
26/2/2019,Titanium Systems,i-100043,84.95,Emma Ford,8.0,6.796
1/3/2019,Alpire,i-100044,230.3,Jimena Carrillo,10.0,23.03
2/3/2019,Apexshow,i-100045,430.33,Emma Ford,7.0,30.1231
3/3/2019,Ironavigation,i-100046,72.02,Lily Grant,4.0,2.8808
4/3/2019,Oystertainment,i-100047,283.33,Jimena Carrillo,10.0,28.333
5/3/2019,Apexshow,i-100048,82.99,Jimena Carrillo,6.0,4.979399999999999
6/3/2019,Ironavigation,i-100049,202.33,Jamie Webb,10.0,20.233000000000004
7/3/2019,Soul Solutions,i-100050,592.22,Emma Ford,14.0,82.91080000000001
8/3/2019,Alpha Software,i-100051,59.44,Lily Grant,4.0,2.3776
9/3/2019,Oystertainment,i-100052,283.33,Jamie Webb,10.0,28.333
10/3/2019,Soul Solutions,i-100053,43.03,Emma Ford,1.0,0.4303
11/3/2019,Ironavigation,i-100054,23.34,Jimena Carrillo,0.0,0.0
12/3/2019,Alpire,i-100055,130.32,Lily Grant,10.0,13.032
13/3/2019,Apexshow,i-100056,430.33,Jimena Carrillo,7.0,30.1231
14/3/2019,Surprise Media,i-100057,567.11,Jimena Carrillo,0.0,0.0
15/3/2019,Apexshow,i-100058,230.23,Lily Grant,4.0,9.2092
16/3/2019,Oystertainment,i-100059,85.44,Jimena Carrillo,22.0,18.7968
17/3/2019,Titanium Systems,i-100060,20.23,Emma Ford,21.0,4.2482999999999995
18/3/2019,Oystertainment,i-100061,82.99,Jimena Carrillo,6.0,4.979399999999999
19/3/2019,Ironavigation,i-100062,861.3,Jamie Webb,10.0,86.13
20/3/2019,Soul Solutions,i-100063,190.0,Jimena Carrillo,0.0,0.0
21/3/2019,Soul Solutions,i-100064,592.22,Emma Ford,2.0,11.8444
22/3/2019,Apexshow,i-100065,230.23,Lily Grant,4.0,9.2092
29/3/2019,Alpire,i-100066,132.0,Jamie Webb,0.0,0.0
31/3/2019,Oystertainment,i-100067,178.3,Jimena Carrillo,10.0,17.830000000000002
